walk	order	audio_file	stop_label	lat	lon	source	reverse_geocode_result	confidence	note
W1	0	miami_w1_00_intro.mp3	Intro	25.771200	-80.192300	intersection	60 Southeast 4th Street [building/yes]	high	SE 4th St at the Fort Dallas Park frontage, under the Metromover by Riverwalk station; start point beside stop 1 | reverse lands on the cottage building itself (30 m away)
W1	1	miami_w1_01_palm_cottage.mp3	Palm Cottage, Fort Dallas Park	25.770931	-80.192335	nominatim-search	60 Southeast 4th Street [building/yes]	high	OSM building way435740415 at 60 SE 4th St, wikidata Q429555 = Palm Cottage; own point, not the Royal Palm single (~390 m east)
W1	2	miami_w1_02_courthouse.mp3	Dade County Courthouse	25.774587	-80.195136	reused-single	Miami - Dade County Law Library | 73 West Flagler Street [amenity/library]	high	reuses single dade-county-courthouse exactly
W1	3	miami_w1_03_cultural_center.mp3	Miami-Dade Cultural Center	25.774463	-80.196586	reused-single	HistoryMiami Museum | 101 West Flagler Street [tourism/museum]	high	reuses single miami-dade-cultural-center exactly
W1	4	miami_w1_04_dupont.mp3	Alfred I. duPont Building	25.774540	-80.190642	reused-single	Cantwell Academy | 169 East Flagler Street [amenity/school]	high	reuses single dupont-building exactly
W1	5	miami_w1_c_olympia.mp3	Olympia Theater (connective)	25.774104	-80.190476	nominatim-search	Olympia Theater at Gusman Center | 174 East Flagler Street [amenity/theatre]	high	OSM theatre node 1025611004, 174 E Flagler St, south side of Flagler directly opposite duPont
W1	6	miami_w1_05_gesu.mp3	Gesu Church	25.775983	-80.191663	reused-single	Gesu Church | 118 Northeast 2nd Street [amenity/place_of_worship]	high	reuses single gesu-church exactly
W1	7	miami_w1_06_freedom_tower.mp3	Freedom Tower	25.780312	-80.189714	reused-single	Freedom Tower at Miami Dade College | 600 Biscayne Boulevard [building/yes]	high	reuses single freedom-tower exactly
W1	8	miami_w1_07_bayfront.mp3	Bayfront Park	25.775380	-80.186166	reused-single	The Light Tower | Biscayne Boulevard [tourism/artwork]	high	reuses single bayfront-park exactly
W2	0	miami_w2_00_intro.mp3	Intro	25.767250	-80.135500	intersection	South Pointe Park (inside polygon) by P1 lot, 3 Washington Ave [amenity/parking]	high	inside South Pointe Park polygon at its Washington Ave / South Pointe Dr entrance (point-in-polygon checked); Washington Ave ends 25.76823,-80.13546
W2	1	miami_w2_01_south_pointe.mp3	South Pointe Park	25.765923	-80.133447	reused-single	Miami Beach Parking Lot (P1) | 3 Washington Avenue [amenity/parking]	high	reuses single south-pointe-park exactly | reverse lands on P1 parking lot but point-in-polygon confirms it is inside South Pointe Park
W2	2	miami_w2_02_ocean_drive.mp3	Ocean Drive	25.780613	-80.129893	reused-single	Lummus Park Boardwalk | Lummus Park Boardwalk [highway/pedestrian]	high	reuses single ocean-drive-art-deco exactly | Lummus Park centroid on the beach side; author wanted hotel-side sidewalk, reused per owner rule
W2	3	miami_w2_03_casa_casuarina.mp3	Casa Casuarina	25.782015	-80.130630	reused-single	Gianni’s At The Villa | 1116 Ocean Drive [amenity/restaurant]	high	reuses single casa-casuarina exactly
W2	4	miami_w2_c_senator.mp3	The Senator (connective)	25.782947	-80.130886	nominatim-search	1201 Collins Avenue [place/house]	medium	OSM address node 1201 Collins Ave (east side, just north of 12th St); building demolished 1988, no named feature to confirm
W2	5	miami_w2_04_espanola_way.mp3	Española Way	25.786906	-80.132850	intersection	445 Española Way [amenity/restaurant]	high	on OSM pedestrian way1017291502 (Washington -80.13182 to Drexel -80.13300), ~15 m in from Drexel; 44 m W of single 19
W2	6	miami_w2_05_lincoln_road.mp3	Lincoln Road (east end)	25.790750	-80.132500	intersection	Piel de Toro | 433 Lincoln Road [shop/clothes]	high	Lincoln Road Mall footway between Washington (-80.1320) and Drexel (-80.1331); 400 m E of single 07
W3	0	miami_w3_00_intro.mp3	Intro	25.765720	-80.216570	intersection	806 Southwest 13th Avenue [building/retail]	high	SW 8th St x SW 13th Ave (13th Ave way ends 25.76580,-80.21657 at 8th St)
W3	1	miami_w3_01_memorial.mp3	Cuban Memorial Boulevard	25.765400	-80.216700	reused-single	820 Southwest 13th Avenue [building/yes]	high	reuses single cuban-memorial-boulevard exactly
W3	2	miami_w3_c_walk_of_fame.mp3	Calle Ocho Walk of Fame (connective)	25.765690	-80.218050	intersection	1360 Southwest 8th Street [building/retail]	medium	SW 8th St at ~SW 14th Ave, midway 13th Ave to Tower Theater; stars run 12th-17th Ave so any point on the stretch is valid; OSM Walk of Fame node sits at 25.765644,-80.219973 (beside the Tower, 35 m) and was not used
W3	3	miami_w3_02_tower_theater.mp3	Tower Theater	25.765357	-80.219672	reused-single	Tower Theater | 1508 Southwest 8th Street [amenity/cinema]	high	reuses single tower-theater exactly
W3	4	miami_w3_03_domino_park.mp3	Domino Park	25.765491	-80.219374	reused-single	1444 Southwest 8th Street [place/house]	high	reuses single maximo-gomez-park exactly
W3	5	miami_w3_c_woodlawn.mp3	Woodlawn Park Cemetery gate (connective)	25.764470	-80.248550	nominatim-search	Woodlawn Park Cemetery | Southwest 15th Street [amenity/grave_yard]	high	OSM gate node 3262295528 on the entrance drive off SW 8th St (way 319768604), matches 3260 SW 8th St address point lon -80.24875
W4	0	miami_w4_00_intro.mp3	Intro	25.725420	-80.253100	intersection	3692 Charles Avenue [place/house]	medium	inside NW corner of Charlotte Jane Memorial Park Cemetery (way1328880265) at Charles Ave x Douglas Rd (25.72553,-80.25349); gate itself not mapped in OSM | point-in-polygon confirmed inside cemetery
W4	1	miami_w4_c1_charles_avenue.mp3	Charles Avenue (connective)	25.725510	-80.246295	nominatim-search	3298 Charles Avenue [building/yes]	medium	OSM building way638572551 = 3298 Charles Ave (Mariah Brown House address); connective subject is the avenue, point on the house
W4	2	miami_w4_c2_plymouth.mp3	Plymouth Congregational Church (connective)	25.722030	-80.248380	nominatim-search	3400 Devon Road [building/yes]	medium	OSM building way436040740 = 3400 Devon Rd (13 m tall), between Devon Rd and Main Hwy; unnamed in OSM, church preschool node 25.72222,-80.24833 beside it
W4	3	miami_w4_01_barnacle_peacock_park.mp3	The Barnacle / Peacock Park	25.725332	-80.242557	reused-single	3190 Via Abitare Way [building/yes]	high	reuses single the-barnacle exactly | reverse returns 3190 Via Abitare Way but point-in-polygon confirms it is inside The Barnacle park polygon (place coordinate)
W4	4	miami_w4_c3_vizcaya_approach.mp3	Vizcaya approach (connective)	25.745800	-80.212400	intersection	Vizcaya grounds (inside polygon); nearest bldg 15 S Miami Ave [building/yes]	medium	just inside the Vizcaya grounds polygon on the entrance drive off S Miami Ave (drive leaves the avenue at 25.74613,-80.21225); gate itself unnamed in OSM
W5	0	miami_w5_00_intro.mp3	Intro	25.790590	-80.139950	intersection	Lincoln Road [amenity/recycling]	high	Lincoln Rd x Lenox Ave (Lenox way at -80.13999)
W5	1	miami_w5_01_lincoln_road_west.mp3	Lincoln Road (west end)	25.790565	-80.140950	intersection	TASCHEN | 1117 Lincoln Road [shop/books]	high	west end of Lincoln Road footway (ends -80.14107 at Alton Rd, beside 1111 Lincoln Rd garage)
W5	2	miami_w5_c1_venetian_causeway.mp3	Venetian Causeway foot (connective)	25.791770	-80.144330	intersection	Purdy Avenue | Purdy Avenue [highway/residential]	high	junction of Venetian Way (bridge end -80.14432), Dade Blvd and Purdy Ave
W5	3	miami_w5_c2_maurice_gibb_park.mp3	Maurice Gibb Memorial Park (connective)	25.793100	-80.144800	intersection	Purdy Avenue [leisure/playground]	high	inside Maurice Gibb Memorial Park polygon (way258236772, point-in-polygon checked), near its 18th St/Purdy NE corner
W5	4	miami_w5_c3_purdy_avenue.mp3	Purdy Avenue (connective)	25.794500	-80.144450	intersection	Icebox Café | 1855 Purdy Avenue [amenity/restaurant]	high	on Purdy Ave midway 18th St (25.79353) and 20th St (25.79550), beside Sunset Harbour marina
W5	5	miami_w5_c4_sunset_harbour.mp3	Sunset Harbour (connective)	25.795500	-80.144350	intersection	Pubbelly Sushi Miami Beach | 1424 20th Street [amenity/restaurant]	high	Purdy Ave bends into 20th St at 25.79548,-80.14441
